bestPSNR_wbest, bestPSNR_wlast, PSNR_wbest, PSNR_wlast
33.254734751586916, 34.03372925627294, 32.881380363340384, 33.96325504589049
29.37630830743121, 29.74632057082551, 28.50607031332713, 29.49081162255679
30.529519609122424, 30.697875005728577, 29.64951464336167, 30.480508475366825
32.33855389506023, 32.875048869404004, 32.051507677793296, 32.789140539075326
