PSNR_wbest, PSNR_wlast, bestPSNR_wbest, bestPSNR_wlast
27.717314605623336, 28.21885120503499, 27.906552119868323, 28.24760062434324
