PSNR_wbest, PSNR_wlast, bestPSNR_wbest, bestPSNR_wlast
27.689050837143164, 28.311176332940008, 27.80280449356078, 28.322449183047475
