PSNR_wbest, PSNR_wlast, bestPSNR_wbest, bestPSNR_wlast
27.397300243129, 27.488033253305, 27.445133947794282, 27.493375780066735
