PSNR_wbest, PSNR_wlast, bestPSNR_wbest, bestPSNR_wlast
27.567218353335434, 27.69394326951344, 27.61190350745948, 27.695269257374715
