PSNR_wbest, PSNR_wlast, bestPSNR_wbest, bestPSNR_wlast
27.426508289597184, 27.687042887793503, 27.506764818680455, 27.689663069654635
