PSNR_wbest, PSNR_wlast, bestPSNR_wbest, bestPSNR_wlast
27.817702400727114, 28.029548345119878, 27.891162996859723, 28.036267510298682
