PSNR_wbest, PSNR_wlast, bestPSNR_wbest, bestPSNR_wlast
26.188425829288406, 27.875882800053343, 26.366048806949802, 27.88248443526315
