bestPSNR_wbest, bestPSNR_wlast, PSNR_wbest, PSNR_wlast
23.688743953964135, 23.588552260484263, 20.622195736181318, 19.902142107809283
23.92377950252674, 23.855820066142677, 19.96619057236522, 19.160893085057722
26.60539198092998, 26.19175497809988, 22.508904664797527, 21.563716092410274
23.564918926942724, 22.925604671553735, 21.063979936701458, 20.37443466738653
