bestPSNR_wbest, bestPSNR_wlast, PSNR_wbest, PSNR_wlast
28.657040691733513, 29.48775616123136, 28.4768679576734, 29.353653847241354
28.192209870608508, 29.023954463442195, 27.792712654040102, 28.8320917792474
29.078109977517713, 30.04915335187684, 29.0347467192081, 29.981971839231292
28.702605127238698, 30.43951211362137, 27.976505664289732, 30.26619247922566
