bestPSNR_wbest, bestPSNR_wlast, PSNR_wbest, PSNR_wlast
23.261487357410523, 23.235963039070192, 20.706689348435667, 19.756696654674577
23.42294618359282, 23.358094299294656, 20.02087979835885, 19.064827098718887
25.71431826907537, 25.427894499577192, 22.30523671905182, 21.265700889708697
23.162182319199943, 22.77938000237109, 20.381723621564163, 19.678594178219484
