bestPSNR_wbest, bestPSNR_wlast, PSNR_wbest, PSNR_wlast
28.911316914879485, 29.269009576158837, 28.29793013128561, 29.230580906812826
28.306434480016442, 28.938107594421297, 27.860481361235614, 28.88191133219265
29.202963524305275, 29.944583857183297, 29.079941994016444, 29.94098035379386
29.015236431825166, 30.163943635247584, 27.27577068714531, 29.90473093331805
