PSNR_wbest, PSNR_wlast, bestPSNR_wbest, bestPSNR_wlast
26.061423820356907, 27.366832927032544, 26.114477347885803, 27.368389338195858
