PSNR_wbest, PSNR_wlast, bestPSNR_wbest, bestPSNR_wlast
27.391615175928465, 27.671380663345936, 27.442659122557462, 27.67363259238852
