bestPSNR_wbest, bestPSNR_wlast, PSNR_wbest, PSNR_wlast
24.473227608634517, 24.449397458035712, 21.608765084480098, 21.52309602628489
24.658942481092133, 24.659772421502396, 20.833952526437933, 20.91483293485014
27.266114742493784, 27.18294232420424, 23.62679893569168, 23.659917584470264
25.691263293211158, 25.450363254473842, 22.96541979517807, 23.031902974081575
