bestPSNR_wbest, bestPSNR_wlast, PSNR_wbest, PSNR_wlast
24.473227604513205, 24.449397408933713, 21.608765084046198, 21.523095983954548
24.6589423532211, 24.659772439613015, 20.833952440103438, 20.914832951247092
27.266114749183934, 27.182942322576714, 23.626798882186634, 23.659917531483572
25.69126337670967, 25.450363146730652, 22.96541972944769, 23.03190286615331
