PSNR_wbest, PSNR_wlast, bestPSNR_wbest, bestPSNR_wlast
27.561471607496085, 28.3200345604454, 28.063784765570308, 28.34026083850386
