bestPSNR_wbest, bestPSNR_wlast, PSNR_wbest, PSNR_wlast
33.63087128151016, 33.99455950969328, 32.76361025564733, 33.96888102668135
29.35299070423222, 29.53160062116251, 29.26562089925642, 29.123667695649765
30.36429488831486, 30.572223048036506, 30.356369786299773, 30.285884109313486
32.7265212319787, 32.963636637344706, 31.417171132860283, 32.96228536949691
