bestPSNR_wbest, bestPSNR_wlast, PSNR_wbest, PSNR_wlast
32.98246957065952, 33.34026087379989, 32.465428813252394, 33.30908018643206
29.1918514578867, 29.199192591014416, 29.101991182057965, 29.19518012609239
30.39141115508356, 30.3616759384742, 30.3630504319626, 30.319531025108738
31.810122178152156, 32.16212344574258, 31.125401496091676, 32.1165573053477
