PSNR_wbest, PSNR_wlast, bestPSNR_wbest, bestPSNR_wlast
27.48634853518942, 27.963030098863133, 27.628464522996286, 27.973887543822414
