bestPSNR_wbest, bestPSNR_wlast, PSNR_wbest, PSNR_wlast
27.28302021014045, 27.832207692249092, 26.05437877835481, 26.713669809992467
27.47969310989216, 27.98897189218617, 26.059240317331017, 26.676861382243985
30.205201736350688, 30.44376972423396, 29.60827889108331, 29.78568356727792
28.671636427217344, 29.298096613369225, 28.04821550123313, 28.313298133880302
