bestPSNR_wbest, bestPSNR_wlast, PSNR_wbest, PSNR_wlast
27.28302122971217, 27.83220663187403, 26.054378216698133, 26.713670078461526
27.479694413195396, 27.98897167281052, 26.059240757440854, 26.67686165451856
30.205200594435404, 30.44376982543062, 29.608276897272674, 29.785684044004846
28.67163832244792, 29.29809484946942, 28.04821441213442, 28.313299409302296
