PSNR_wbest, PSNR_wlast, bestPSNR_wbest, bestPSNR_wlast
27.674948869717692, 27.721238363990473, 27.71224613015727, 27.72271569055865
