PSNR_wbest, PSNR_wlast, bestPSNR_wbest, bestPSNR_wlast
27.71754898340689, 28.288646532240506, 27.88268028861127, 28.308060097415815
