bestPSNR_wbest, bestPSNR_wlast, PSNR_wbest, PSNR_wlast
28.887920605051825, 28.804510311423897, 28.873229709554863, 28.802595607698656
28.221998002383366, 28.14628540441265, 28.18719862018569, 28.134774458566085
29.758793567585087, 29.773474988608996, 29.71587415094462, 29.743538542526295
29.72331982735129, 29.70544576768563, 29.665537635528835, 29.656103020414157
